{"accuracy":{"Logistic regression":0.840404875,"Decision tree":0.9184472983,"Random forest":0.9274116918,"Gradient boosting machines":0.9268336969},"precision":{"Logistic regression":0.8533116341,"Decision tree":0.9172529041,"Random forest":0.9225931023,"Gradient boosting machines":0.9241423141},"recall":{"Logistic regression":0.9595959596,"Decision tree":0.9838383838,"Random forest":0.9896331738,"Gradient boosting machines":0.9868686869},"f1":{"Logistic regression":0.9033348787,"Decision tree":0.9493736569,"Random forest":0.9549356296,"Gradient boosting machines":0.9544713324}}